{"cameraMode":{"drawMode":0,"name":"Shaded","section":"Shading Mode"},"sceneLighting":true,"audioPlay":false,"sceneViewState":{"showFog":true,"showMaterialUpdate":false,"showSkybox":true,"showFlares":true,"showImageEffects":true,"showParticleSystems":true},"in2DMode":false,"pivot":{"x":-0.022334814071655275,"y":0.5142581462860107,"z":-0.28360867500305178},"rotation":{"x":-0.06323129683732987,"y":0.9170559644699097,"z":-0.16149072349071504,"w":-0.3590713441371918},"size":2.5207293033599855,"orthographic":false}