{"cameraMode":{"drawMode":0,"name":"Shaded","section":"Shading Mode"},"sceneLighting":true,"audioPlay":false,"sceneViewState":{"showFog":true,"showMaterialUpdate":false,"showSkybox":true,"showFlares":true,"showImageEffects":true,"showParticleSystems":true},"in2DMode":false,"pivot":{"x":-5.723623752593994,"y":0.29807522892951968,"z":7.711442470550537},"rotation":{"x":-0.24760419130325318,"y":-0.21100552380084992,"z":0.05533185973763466,"w":-0.9440044164657593},"size":12.348637580871582,"orthographic":false}