{"cameraMode":{"drawMode":0,"name":"Shaded","section":"Shading Mode"},"sceneLighting":true,"audioPlay":false,"sceneViewState":{"showFog":true,"showMaterialUpdate":false,"showSkybox":true,"showFlares":true,"showImageEffects":true,"showParticleSystems":true},"in2DMode":false,"pivot":{"x":1.0870451927185059,"y":0.05056118965148926,"z":0.0000019073486328125},"rotation":{"x":0.12671169638633729,"y":-0.08413446694612503,"z":0.010672573931515217,"w":0.9883551001548767},"size":5.725880146026611,"orthographic":false}