{"cameraMode":{"drawMode":0,"name":"Shaded","section":"Shading Mode"},"sceneLighting":true,"audioPlay":false,"sceneViewState":{"showFog":true,"showMaterialUpdate":false,"showSkybox":true,"showFlares":true,"showImageEffects":true,"showParticleSystems":true},"in2DMode":false,"pivot":{"x":-3.2191243171691896,"y":-4.280634880065918,"z":4.5157246589660648},"rotation":{"x":-0.13924138247966767,"y":0.11163391917943955,"z":-0.01683623716235161,"w":-0.9839461445808411},"size":8.524391174316407,"orthographic":false}