{"cameraMode":{"drawMode":0,"name":"Shaded","section":"Shading Mode"},"sceneLighting":true,"audioPlay":false,"sceneViewState":{"showFog":true,"showMaterialUpdate":false,"showSkybox":true,"showFlares":true,"showImageEffects":true,"showParticleSystems":true},"in2DMode":false,"pivot":{"x":-5.998594760894775,"y":-1.0768855810165406,"z":2.2507059574127199},"rotation":{"x":0.1063617691397667,"y":-0.10399290174245835,"z":0.010751183144748211,"w":0.9889240264892578},"size":9.993658065795899,"orthographic":false}