{"cameraMode":{"drawMode":0,"name":"Shaded","section":"Shading Mode"},"sceneLighting":true,"audioPlay":false,"sceneViewState":{"showFog":true,"showMaterialUpdate":false,"showSkybox":true,"showFlares":true,"showImageEffects":true,"showParticleSystems":true},"in2DMode":false,"pivot":{"x":-1.7350250482559205,"y":0.8182696104049683,"z":-0.8797622919082642},"rotation":{"x":0.15067017078399659,"y":0.05536096170544624,"z":-0.008943586610257626,"w":0.98710036277771},"size":3.960571050643921,"orthographic":false}