{"cameraMode":{"drawMode":0,"name":"Shaded","section":"Shading Mode"},"sceneLighting":true,"audioPlay":false,"sceneViewState":{"showFog":true,"showMaterialUpdate":false,"showSkybox":true,"showFlares":true,"showImageEffects":true,"showParticleSystems":true},"in2DMode":false,"pivot":{"x":-3.1980931758880617,"y":-1.5856375694274903,"z":2.0284929275512697},"rotation":{"x":0.11166857928037644,"y":-0.007469606585800648,"z":0.0006899793515913188,"w":0.9937692880630493},"size":7.060153961181641,"orthographic":false}