{"cameraMode":{"drawMode":0,"name":"Shaded","section":"Shading Mode"},"sceneLighting":true,"audioPlay":false,"sceneViewState":{"showFog":true,"showMaterialUpdate":false,"showSkybox":true,"showFlares":true,"showImageEffects":true,"showParticleSystems":true},"in2DMode":false,"pivot":{"x":0.7262096405029297,"y":0.4997929036617279,"z":0.05377398431301117},"rotation":{"x":-0.09450893849134445,"y":0.08283115923404694,"z":-0.009503780864179135,"w":-0.9922211170196533},"size":6.596454620361328,"orthographic":false}