{"cameraMode":{"drawMode":0,"name":"Shaded","section":"Shading Mode"},"sceneLighting":true,"audioPlay":false,"sceneViewState":{"showFog":true,"showMaterialUpdate":false,"showSkybox":true,"showFlares":true,"showImageEffects":true,"showParticleSystems":true},"in2DMode":false,"pivot":{"x":-2.9972500801086427,"y":-1.7385274171829224,"z":-1.2695562839508057},"rotation":{"x":0.24080592393875123,"y":-0.35483619570732119,"z":0.09514731168746948,"w":0.8983858227729797},"size":15.049897193908692,"orthographic":false}