{"cameraMode":{"drawMode":0,"name":"Shaded","section":"Shading Mode"},"sceneLighting":true,"audioPlay":false,"sceneViewState":{"showFog":true,"showMaterialUpdate":false,"showSkybox":true,"showFlares":true,"showImageEffects":true,"showParticleSystems":true},"in2DMode":false,"pivot":{"x":-6.407441139221191,"y":4.3389892578125,"z":5.211117744445801},"rotation":{"x":0.007931350730359555,"y":-0.20552730560302735,"z":0.0016431848052889109,"w":0.9786497950553894},"size":15.863630294799805,"orthographic":false}