{"cameraMode":{"drawMode":0,"name":"Shaded","section":"Shading Mode"},"sceneLighting":true,"audioPlay":false,"sceneViewState":{"showFog":true,"showMaterialUpdate":false,"showSkybox":true,"showFlares":true,"showImageEffects":true,"showParticleSystems":true},"in2DMode":false,"pivot":{"x":1.5040044784545899,"y":0.16127538681030274,"z":0.09476934373378754},"rotation":{"x":-0.2696782648563385,"y":0.20784975588321687,"z":-0.06151118502020836,"w":-0.9384483098983765},"size":11.39645767211914,"orthographic":false}