{"cameraMode":{"drawMode":0,"name":"Shaded","section":"Shading Mode"},"sceneLighting":true,"audioPlay":false,"sceneViewState":{"showFog":true,"showMaterialUpdate":false,"showSkybox":true,"showFlares":true,"showImageEffects":true,"showParticleSystems":true},"in2DMode":false,"pivot":{"x":-2.9972500801086427,"y":-1.7385274171829224,"z":-1.2695562839508057},"rotation":{"x":-0.17741996049880982,"y":-0.29208946228027346,"z":0.05522984638810158,"w":-0.9381895065307617},"size":15.049897193908692,"orthographic":false}