{"cameraMode":{"drawMode":0,"name":"Shaded","section":"Shading Mode"},"sceneLighting":true,"audioPlay":false,"sceneViewState":{"showFog":true,"showMaterialUpdate":false,"showSkybox":true,"showFlares":true,"showImageEffects":true,"showParticleSystems":true},"in2DMode":false,"pivot":{"x":0.07153862714767456,"y":0.7568531632423401,"z":-0.8825370073318481},"rotation":{"x":-0.17278710007667542,"y":0.1508656144142151,"z":-0.027209412306547166,"w":-0.973078727722168},"size":0.8035396933555603,"orthographic":false}