{"cameraMode":{"drawMode":0,"name":"Shaded","section":"Shading Mode"},"sceneLighting":true,"audioPlay":false,"sceneViewState":{"showFog":true,"showMaterialUpdate":false,"showSkybox":true,"showFlares":true,"showImageEffects":true,"showParticleSystems":true},"in2DMode":false,"pivot":{"x":-3.9983510971069338,"y":3.296961784362793,"z":5.4565019607543949},"rotation":{"x":-0.024226495996117593,"y":0.08148259669542313,"z":-0.0019813263788819315,"w":-0.9963791966438294},"size":6.1222991943359379,"orthographic":false}