{"cameraMode":{"drawMode":0,"name":"Shaded","section":"Shading Mode"},"sceneLighting":true,"audioPlay":false,"sceneViewState":{"showFog":true,"showMaterialUpdate":false,"showSkybox":true,"showFlares":true,"showImageEffects":true,"showParticleSystems":true},"in2DMode":false,"pivot":{"x":-0.2449115365743637,"y":0.8332709074020386,"z":-0.9040207266807556},"rotation":{"x":0.13519230484962464,"y":0.2772267460823059,"z":-0.039471544325351718,"w":0.9504761695861816},"size":0.7394532561302185,"orthographic":false}