{"cameraMode":{"drawMode":0,"name":"Shaded","section":"Shading Mode"},"sceneLighting":true,"audioPlay":false,"sceneViewState":{"showFog":true,"showMaterialUpdate":false,"showSkybox":true,"showFlares":true,"showImageEffects":true,"showParticleSystems":true},"in2DMode":false,"pivot":{"x":0.0005087852478027344,"y":0.8788212537765503,"z":0.02963292971253395},"rotation":{"x":-0.1212172880768776,"y":0.8195698857307434,"z":-0.18836268782615663,"w":-0.5273995399475098},"size":2.985110282897949,"orthographic":false}